tripid,loc_from,searches,searches_got_estimate,searches_for_quotes,searches_got_quotes,customer_not_cancelled,driver_not_cancelled,otp_entered,end_ride
1,16,1,1,1,1,1,1,1,1
2,24,1,1,1,1,1,1,1,1
3,18,1,1,1,1,1,1,1,1
4,28,1,1,1,1,1,1,1,1
5,19,1,1,1,1,1,1,1,1
6,37,1,1,1,1,1,1,1,1
7,22,1,1,1,1,1,1,1,1
8,28,1,1,1,1,1,1,1,1
9,25,1,1,1,1,1,1,1,1
10,32,1,1,1,1,1,1,1,1
11,37,1,1,1,1,1,1,1,1
12,22,1,1,1,1,1,1,1,1
13,21,1,1,1,1,1,1,1,1
14,26,1,1,1,1,1,1,1,1
15,3,1,1,1,1,1,1,1,1
16,16,1,1,1,1,1,1,1,1
17,27,1,1,1,1,1,1,1,1
18,29,1,1,1,1,1,1,1,1
19,13,1,1,1,1,1,1,1,1
20,24,1,1,1,1,1,1,1,1
21,20,1,1,1,1,1,1,1,1
22,29,1,1,1,1,1,1,1,1
23,35,1,1,1,1,1,1,1,1
24,28,1,1,1,1,1,1,1,1
25,32,1,1,1,1,1,1,1,1
26,12,1,1,1,1,1,1,1,1
27,4,1,1,1,1,1,1,1,1
28,27,1,1,1,1,1,1,1,1
29,6,1,1,1,1,1,1,1,1
30,23,1,1,1,1,1,1,1,1
31,30,1,1,1,1,1,1,1,1
32,2,1,1,1,1,1,1,1,1
33,9,1,1,1,1,1,1,1,1
34,19,1,1,1,1,1,1,1,1
35,3,1,1,1,1,1,1,1,1
36,30,1,1,1,1,1,1,1,1
37,24,1,1,1,1,1,1,1,1
38,28,1,1,1,1,1,1,1,1
39,26,1,1,1,1,1,1,1,1
40,14,1,1,1,1,1,1,1,1
41,6,1,1,1,1,1,1,1,1
42,20,1,1,1,1,1,1,1,1
43,11,1,1,1,1,1,1,1,1
44,16,1,1,1,1,1,1,1,1
45,9,1,1,1,1,1,1,1,1
46,4,1,1,1,1,1,1,1,1
47,20,1,1,1,1,1,1,1,1
48,35,1,1,1,1,1,1,1,1
49,11,1,1,1,1,1,1,1,1
50,35,1,1,1,1,1,1,1,1
51,36,1,1,1,1,1,1,1,1
52,35,1,1,1,1,1,1,1,1
53,10,1,1,1,1,1,1,1,1
54,21,1,1,1,1,1,1,1,1
55,33,1,1,1,1,1,1,1,1
56,2,1,1,1,1,1,1,1,1
57,15,1,1,1,1,1,1,1,1
58,8,1,1,1,1,1,1,1,1
59,7,1,1,1,1,1,1,1,1
60,19,1,1,1,1,1,1,1,1
61,29,1,1,1,1,1,1,1,1
62,15,1,1,1,1,1,1,1,1
63,15,1,1,1,1,1,1,1,1
64,18,1,1,1,1,1,1,1,1
65,35,1,1,1,1,1,1,1,1
66,10,1,1,1,1,1,1,1,1
67,24,1,1,1,1,1,1,1,1
68,24,1,1,1,1,1,1,1,1
69,21,1,1,1,1,1,1,1,1
70,32,1,1,1,1,1,1,1,1
71,37,1,1,1,1,1,1,1,1
72,20,1,1,1,1,1,1,1,1
73,31,1,1,1,1,1,1,1,1
74,7,1,1,1,1,1,1,1,1
75,36,1,1,1,1,1,1,1,1
76,11,1,1,1,1,1,1,1,1
77,4,1,1,1,1,1,1,1,1
78,36,1,1,1,1,1,1,1,1
79,27,1,1,1,1,1,1,1,1
80,18,1,1,1,1,1,1,1,1
81,37,1,1,1,1,1,1,1,1
82,26,1,1,1,1,1,1,1,1
83,20,1,1,1,1,1,1,1,1
84,10,1,1,1,1,1,1,1,1
85,16,1,1,1,1,1,1,1,1
86,36,1,1,1,1,1,1,1,1
87,17,1,1,1,1,1,1,1,1
88,3,1,1,1,1,1,1,1,1
89,6,1,1,1,1,1,1,1,1
90,1,1,1,1,1,1,1,1,1
91,4,1,1,1,1,1,1,1,1
92,25,1,1,1,1,1,1,1,1
93,18,1,1,1,1,1,1,1,1
94,22,1,1,1,1,1,1,1,1
95,17,1,1,1,1,1,1,1,1
96,9,1,1,1,1,1,1,1,1
97,36,1,1,1,1,1,1,1,1
98,24,1,1,1,1,1,1,1,1
99,30,1,1,1,1,1,1,1,1
100,37,1,1,1,1,1,1,1,1
101,37,1,1,1,1,1,1,1,1
102,29,1,1,1,1,1,1,1,1
103,15,1,1,1,1,1,1,1,1
104,20,1,1,1,1,1,1,1,1
105,37,1,1,1,1,1,1,1,1
106,14,1,1,1,1,1,1,1,1
107,12,1,1,1,1,1,1,1,1
108,12,1,1,1,1,1,1,1,1
109,25,1,1,1,1,1,1,1,1
110,36,1,1,1,1,1,1,1,1
111,25,1,1,1,1,1,1,1,1
112,22,1,1,1,1,1,1,1,1
113,13,1,1,1,1,1,1,1,1
114,36,1,1,1,1,1,1,1,1
115,16,1,1,1,1,1,1,1,1
116,3,1,1,1,1,1,1,1,1
117,9,1,1,1,1,1,1,1,1
118,25,1,1,1,1,1,1,1,1
119,9,1,1,1,1,1,1,1,1
120,16,1,1,1,1,1,1,1,1
121,20,1,1,1,1,1,1,1,1
122,17,1,1,1,1,1,1,1,1
123,3,1,1,1,1,1,1,1,1
124,13,1,1,1,1,1,1,1,1
125,26,1,1,1,1,1,1,1,1
126,2,1,1,1,1,1,1,1,1
127,24,1,1,1,1,1,1,1,1
128,25,1,1,1,1,1,1,1,1
129,2,1,1,1,1,1,1,1,1
130,13,1,1,1,1,1,1,1,1
131,3,1,1,1,1,1,1,1,1
132,22,1,1,1,1,1,1,1,1
133,2,1,1,1,1,1,1,1,1
134,4,1,1,1,1,1,1,1,1
135,1,1,1,1,1,1,1,1,1
136,1,1,1,1,1,1,1,1,1
137,12,1,1,1,1,1,1,1,1
138,31,1,1,1,1,1,1,1,1
139,34,1,1,1,1,1,1,1,1
140,34,1,1,1,1,1,1,1,1
141,35,1,1,1,1,1,1,1,1
142,2,1,1,1,1,1,1,1,1
143,33,1,1,1,1,1,1,1,1
144,1,1,1,1,1,1,1,1,1
145,20,1,1,1,1,1,1,1,1
146,28,1,1,1,1,1,1,1,1
147,11,1,1,1,1,1,1,1,1
148,23,1,1,1,1,1,1,1,1
149,3,1,1,1,1,1,1,1,1
150,25,1,1,1,1,1,1,1,1
151,32,1,1,1,1,1,1,1,1
152,29,1,1,1,1,1,1,1,1
153,14,1,1,1,1,1,1,1,1
154,29,1,1,1,1,1,1,1,1
155,16,1,1,1,1,1,1,1,1
156,2,1,1,1,1,1,1,1,1
157,10,1,1,1,1,1,1,1,1
158,10,1,1,1,1,1,1,1,1
159,5,1,1,1,1,1,1,1,1
160,19,1,1,1,1,1,1,1,1
161,32,1,1,1,1,1,1,1,1
162,36,1,1,1,1,1,1,1,1
163,7,1,1,1,1,1,1,1,1
164,5,1,1,1,1,1,1,1,1
165,5,1,1,1,1,1,1,1,1
166,33,1,1,1,1,1,1,1,1
167,28,1,1,1,1,1,1,1,1
168,30,1,1,1,1,1,1,1,1
169,1,1,1,1,1,1,1,1,1
170,36,1,1,1,1,1,1,1,1
171,3,1,1,1,1,1,1,1,1
172,27,1,1,1,1,1,1,1,1
173,29,1,1,1,1,1,1,1,1
174,28,1,1,1,1,1,1,1,1
175,36,1,1,1,1,1,1,1,1
176,12,1,1,1,1,1,1,1,1
177,5,1,1,1,1,1,1,1,1
178,22,1,1,1,1,1,1,1,1
179,17,1,1,1,1,1,1,1,1
180,31,1,1,1,1,1,1,1,1
181,17,1,1,1,1,1,1,1,1
182,34,1,1,1,1,1,1,1,1
183,1,1,1,1,1,1,1,1,1
184,32,1,1,1,1,1,1,1,1
185,15,1,1,1,1,1,1,1,1
186,21,1,1,1,1,1,1,1,1
187,31,1,1,1,1,1,1,1,1
188,8,1,1,1,1,1,1,1,1
189,9,1,1,1,1,1,1,1,1
190,24,1,1,1,1,1,1,1,1
191,20,1,1,1,1,1,1,1,1
192,3,1,1,1,1,1,1,1,1
193,7,1,1,1,1,1,1,1,1
194,35,1,1,1,1,1,1,1,1
195,11,1,1,1,1,1,1,1,1
196,9,1,1,1,1,1,1,1,1
197,28,1,1,1,1,1,1,1,1
198,20,1,1,1,1,1,1,1,1
199,37,1,1,1,1,1,1,1,1
200,33,1,1,1,1,1,1,1,1
201,3,1,1,1,1,1,1,1,1
202,20,1,1,1,1,1,1,1,1
203,1,1,1,1,1,1,1,1,1
204,14,1,1,1,1,1,1,1,1
205,14,1,1,1,1,1,1,1,1
206,19,1,1,1,1,1,1,1,1
207,33,1,1,1,1,1,1,1,1
208,36,1,1,1,1,1,1,1,1
209,24,1,1,1,1,1,1,1,1
210,3,1,1,1,1,1,1,1,1
211,27,1,1,1,1,1,1,1,1
212,10,1,1,1,1,1,1,1,1
213,15,1,1,1,1,1,1,1,1
214,3,1,1,1,1,1,1,1,1
215,21,1,1,1,1,1,1,1,1
216,26,1,1,1,1,1,1,1,1
217,28,1,1,1,1,1,1,1,1
218,33,1,1,1,1,1,1,1,1
219,5,1,1,1,1,1,1,1,1
220,29,1,1,1,1,1,1,1,1
221,29,1,1,1,1,1,1,1,1
222,19,1,1,1,1,1,1,1,1
223,16,1,1,1,1,1,1,1,1
224,20,1,1,1,1,1,1,1,1
225,35,1,1,1,1,1,1,1,1
226,22,1,1,1,1,1,1,1,1
227,11,1,1,1,1,1,1,1,1
228,3,1,1,1,1,1,1,1,1
229,16,1,1,1,1,1,1,1,1
230,16,1,1,1,1,1,1,1,1
231,34,1,1,1,1,1,1,1,1
232,6,1,1,1,1,1,1,1,1
233,29,1,1,1,1,1,1,1,1
234,25,1,1,1,1,1,1,1,1
235,13,1,1,1,1,1,1,1,1
236,12,1,1,1,1,1,1,1,1
237,15,1,1,1,1,1,1,1,1
238,9,1,1,1,1,1,1,1,1
239,25,1,1,1,1,1,1,1,1
240,14,1,1,1,1,1,1,1,1
241,21,1,1,1,1,1,1,1,1
242,22,1,1,1,1,1,1,1,1
243,37,1,1,1,1,1,1,1,1
244,33,1,1,1,1,1,1,1,1
245,36,1,1,1,1,1,1,1,1
246,15,1,1,1,1,1,1,1,1
247,5,1,1,1,1,1,1,1,1
248,26,1,1,1,1,1,1,1,1
249,35,1,1,1,1,1,1,1,1
250,17,1,1,1,1,1,1,1,1
251,35,1,1,1,1,1,1,1,1
252,1,1,1,1,1,1,1,1,1
253,25,1,1,1,1,1,1,1,1
254,11,1,1,1,1,1,1,1,1
255,36,1,1,1,1,1,1,1,1
256,4,1,1,1,1,1,1,1,1
257,18,1,1,1,1,1,1,1,1
258,27,1,1,1,1,1,1,1,1
259,6,1,1,1,1,1,1,1,1
260,36,1,1,1,1,1,1,1,1
261,35,1,1,1,1,1,1,1,1
262,28,1,1,1,1,1,1,1,1
263,17,1,1,1,1,1,1,1,1
264,30,1,1,1,1,1,1,1,1
265,17,1,1,1,1,1,1,1,1
266,4,1,1,1,1,1,1,1,1
267,37,1,1,1,1,1,1,1,1
268,30,1,1,1,1,1,1,1,1
269,12,1,1,1,1,1,1,1,1
270,17,1,1,1,1,1,1,1,1
271,27,1,1,1,1,1,1,1,1
272,18,1,1,1,1,1,1,1,1
273,16,1,1,1,1,1,1,1,1
274,21,1,1,1,1,1,1,1,1
275,23,1,1,1,1,1,1,1,1
276,25,1,1,1,1,1,1,1,1
277,31,1,1,1,1,1,1,1,1
278,24,1,1,1,1,1,1,1,1
279,16,1,1,1,1,1,1,1,1
280,35,1,1,1,1,1,1,1,1
281,12,1,1,1,1,1,1,1,1
282,36,1,1,1,1,1,1,1,1
283,5,1,1,1,1,1,1,1,1
284,18,1,1,1,1,1,1,1,1
285,19,1,1,1,1,1,1,1,1
286,24,1,1,1,1,1,1,1,1
287,16,1,1,1,1,1,1,1,1
288,15,1,1,1,1,1,1,1,1
289,15,1,1,1,1,1,1,1,1
290,10,1,1,1,1,1,1,1,1
291,33,1,1,1,1,1,1,1,1
292,28,1,1,1,1,1,1,1,1
293,17,1,1,1,1,1,1,1,1
294,35,1,1,1,1,1,1,1,1
295,37,1,1,1,1,1,1,1,1
296,12,1,1,1,1,1,1,1,1
297,11,1,1,1,1,1,1,1,1
298,24,1,1,1,1,1,1,1,1
299,5,1,1,1,1,1,1,1,1
300,21,1,1,1,1,1,1,1,1
301,18,1,1,1,1,1,1,1,1
302,21,1,1,1,1,1,1,1,1
303,30,1,1,1,1,1,1,1,1
304,23,1,1,1,1,1,1,1,1
305,6,1,1,1,1,1,1,1,1
306,26,1,1,1,1,1,1,1,1
307,10,1,1,1,1,1,1,1,1
308,1,1,1,1,1,1,1,1,1
309,13,1,1,1,1,1,1,1,1
310,2,1,1,1,1,1,1,1,1
311,6,1,1,1,1,1,1,1,1
312,37,1,1,1,1,1,1,1,1
313,9,1,1,1,1,1,1,1,1
314,22,1,1,1,1,1,1,1,1
315,16,1,1,1,1,1,1,1,1
316,8,1,1,1,1,1,1,1,1
317,16,1,1,1,1,1,1,1,1
318,24,1,1,1,1,1,1,1,1
319,31,1,1,1,1,1,1,1,1
320,27,1,1,1,1,1,1,1,1
321,6,1,1,1,1,1,1,1,1
322,1,1,1,1,1,1,1,1,1
323,31,1,1,1,1,1,1,1,1
324,23,1,1,1,1,1,1,1,1
325,17,1,1,1,1,1,1,1,1
326,9,1,1,1,1,1,1,1,1
327,4,1,1,1,1,1,1,1,1
328,28,1,1,1,1,1,1,1,1
329,16,1,1,1,1,1,1,1,1
330,8,1,1,1,1,1,1,1,1
331,16,1,1,1,1,1,1,1,1
332,30,1,1,1,1,1,1,1,1
333,32,1,1,1,1,1,1,1,1
334,20,1,1,1,1,1,1,1,1
335,32,1,1,1,1,1,1,1,1
336,31,1,1,1,1,1,1,1,1
337,23,1,1,1,1,1,1,1,1
338,26,1,1,1,1,1,1,1,1
339,3,1,1,1,1,1,1,1,1
340,28,1,1,1,1,1,1,1,1
341,36,1,1,1,1,1,1,1,1
342,26,1,1,1,1,1,1,1,1
343,6,1,1,1,1,1,1,1,1
344,25,1,1,1,1,1,1,1,1
345,14,1,1,1,1,1,1,1,1
346,21,1,1,1,1,1,1,1,1
347,32,1,1,1,1,1,1,1,1
348,1,1,1,1,1,1,1,1,1
349,10,1,1,1,1,1,1,1,1
350,3,1,1,1,1,1,1,1,1
351,29,1,1,1,1,1,1,1,1
352,1,1,1,1,1,1,1,1,1
353,2,1,1,1,1,1,1,1,1
354,35,1,1,1,1,1,1,1,1
355,29,1,1,1,1,1,1,1,1
356,14,1,1,1,1,1,1,1,1
357,30,1,1,1,1,1,1,1,1
358,23,1,1,1,1,1,1,1,1
359,19,1,1,1,1,1,1,1,1
360,35,1,1,1,1,1,1,1,1
361,9,1,1,1,1,1,1,1,1
362,16,1,1,1,1,1,1,1,1
363,37,1,1,1,1,1,1,1,1
364,33,1,1,1,1,1,1,1,1
365,25,1,1,1,1,1,1,1,1
366,8,1,1,1,1,1,1,1,1
367,23,1,1,1,1,1,1,1,1
368,1,1,1,1,1,1,1,1,1
369,36,1,1,1,1,1,1,1,1
370,5,1,1,1,1,1,1,1,1
371,6,1,1,1,1,1,1,1,1
372,2,1,1,1,1,1,1,1,1
373,10,1,1,1,1,1,1,1,1
374,29,1,1,1,1,1,1,1,1
375,30,1,1,1,1,1,1,1,1
376,18,1,1,1,1,1,1,1,1
377,31,1,1,1,1,1,1,1,1
378,16,1,1,1,1,1,1,1,1
379,24,1,1,1,1,1,1,1,1
380,27,1,1,1,1,1,1,1,1
381,35,1,1,1,1,1,1,1,1
382,26,1,1,1,1,1,1,1,1
383,35,1,1,1,1,1,1,1,1
384,24,1,1,1,1,1,1,1,1
385,9,1,1,1,1,1,1,1,1
386,10,1,1,1,1,1,1,1,1
387,34,1,1,1,1,1,1,1,1
388,28,1,1,1,1,1,1,1,1
389,2,1,1,1,1,1,1,1,1
390,25,1,1,1,1,1,1,1,1
391,4,1,1,1,1,1,1,1,1
392,18,1,1,1,1,1,1,1,1
393,28,1,1,1,1,1,1,1,1
394,19,1,1,1,1,1,1,1,1
395,22,1,1,1,1,1,1,1,1
396,28,1,1,1,1,1,1,1,1
397,8,1,1,1,1,1,1,1,1
398,4,1,1,1,1,1,1,1,1
399,9,1,1,1,1,1,1,1,1
400,22,1,1,1,1,1,1,1,1
401,12,1,1,1,1,1,1,1,1
402,4,1,1,1,1,1,1,1,1
403,16,1,1,1,1,1,1,1,1
404,27,1,1,1,1,1,1,1,1
405,28,1,1,1,1,1,1,1,1
406,11,1,1,1,1,1,1,1,1
407,20,1,1,1,1,1,1,1,1
408,36,1,1,1,1,1,1,1,1
409,1,1,1,1,1,1,1,1,1
410,6,1,1,1,1,1,1,1,1
411,18,1,1,1,1,1,1,1,1
412,37,1,1,1,1,1,1,1,1
413,34,1,1,1,1,1,1,1,1
414,12,1,1,1,1,1,1,1,1
415,6,1,1,1,1,1,1,1,1
416,35,1,1,1,1,1,1,1,1
417,9,1,1,1,1,1,1,1,1
418,18,1,1,1,1,1,1,1,1
419,14,1,1,1,1,1,1,1,1
420,33,1,1,1,1,1,1,1,1
421,36,1,1,1,1,1,1,1,1
422,9,1,1,1,1,1,1,1,1
423,32,1,1,1,1,1,1,1,1
424,20,1,1,1,1,1,1,1,1
425,12,1,1,1,1,1,1,1,1
426,34,1,1,1,1,1,1,1,1
427,8,1,1,1,1,1,1,1,1
428,19,1,1,1,1,1,1,1,1
429,7,1,1,1,1,1,1,1,1
430,37,1,1,1,1,1,1,1,1
431,5,1,1,1,1,1,1,1,1
432,20,1,1,1,1,1,1,1,1
433,9,1,1,1,1,1,1,1,1
434,24,1,1,1,1,1,1,1,1
435,36,1,1,1,1,1,1,1,1
436,17,1,1,1,1,1,1,1,1
437,17,1,1,1,1,1,1,1,1
438,28,1,1,1,1,1,1,1,1
439,6,1,1,1,1,1,1,1,1
440,12,1,1,1,1,1,1,1,1
441,22,1,1,1,1,1,1,1,1
442,33,1,1,1,1,1,1,1,1
443,6,1,1,1,1,1,1,1,1
444,31,1,1,1,1,1,1,1,1
445,4,1,1,1,1,1,1,1,1
446,15,1,1,1,1,1,1,1,1
447,12,1,1,1,1,1,1,1,1
448,17,1,1,1,1,1,1,1,1
449,20,1,1,1,1,1,1,1,1
450,15,1,1,1,1,1,1,1,1
451,6,1,1,1,1,1,1,1,1
452,9,1,1,1,1,1,1,1,1
453,19,1,1,1,1,1,1,1,1
454,8,1,1,1,1,1,1,1,1
455,37,1,1,1,1,1,1,1,1
456,19,1,1,1,1,1,1,1,1
457,13,1,1,1,1,1,1,1,1
458,7,1,1,1,1,1,1,1,1
459,28,1,1,1,1,1,1,1,1
460,1,1,1,1,1,1,1,1,1
461,4,1,1,1,1,1,1,1,1
462,32,1,1,1,1,1,1,1,1
463,34,1,1,1,1,1,1,1,1
464,21,1,1,1,1,1,1,1,1
465,37,1,1,1,1,1,1,1,1
466,13,1,1,1,1,1,1,1,1
467,36,1,1,1,1,1,1,1,1
468,30,1,1,1,1,1,1,1,1
469,28,1,1,1,1,1,1,1,1
470,8,1,1,1,1,1,1,1,1
471,21,1,1,1,1,1,1,1,1
472,31,1,1,1,1,1,1,1,1
473,26,1,1,1,1,1,1,1,1
474,6,1,1,1,1,1,1,1,1
475,21,1,1,1,1,1,1,1,1
476,6,1,1,1,1,1,1,1,1
477,22,1,1,1,1,1,1,1,1
478,33,1,1,1,1,1,1,1,1
479,3,1,1,1,1,1,1,1,1
480,2,1,1,1,1,1,1,1,1
481,19,1,1,1,1,1,1,1,1
482,35,1,1,1,1,1,1,1,1
483,6,1,1,1,1,1,1,1,1
484,12,1,1,1,1,1,1,1,1
485,11,1,1,1,1,1,1,1,1
486,22,1,1,1,1,1,1,1,1
487,14,1,1,1,1,1,1,1,1
488,25,1,1,1,1,1,1,1,1
489,18,1,1,1,1,1,1,1,1
490,5,1,1,1,1,1,1,1,1
491,23,1,1,1,1,1,1,1,1
492,1,1,1,1,1,1,1,1,1
493,12,1,1,1,1,1,1,1,1
494,23,1,1,1,1,1,1,1,1
495,12,1,1,1,1,1,1,1,1
496,32,1,1,1,1,1,1,1,1
497,24,1,1,1,1,1,1,1,1
498,16,1,1,1,1,1,1,1,1
499,35,1,1,1,1,1,1,1,1
500,19,1,1,1,1,1,1,1,1
501,21,1,1,1,1,1,1,1,1
502,32,1,1,1,1,1,1,1,1
503,31,1,1,1,1,1,1,1,1
504,16,1,1,1,1,1,1,1,1
505,4,1,1,1,1,1,1,1,1
506,15,1,1,1,1,1,1,1,1
507,12,1,1,1,1,1,1,1,1
508,21,1,1,1,1,1,1,1,1
509,3,1,1,1,1,1,1,1,1
510,4,1,1,1,1,1,1,1,1
511,19,1,1,1,1,1,1,1,1
512,3,1,1,1,1,1,1,1,1
513,17,1,1,1,1,1,1,1,1
514,7,1,1,1,1,1,1,1,1
515,35,1,1,1,1,1,1,1,1
516,3,1,1,1,1,1,1,1,1
517,21,1,1,1,1,1,1,1,1
518,18,1,1,1,1,1,1,1,1
519,17,1,1,1,1,1,1,1,1
520,11,1,1,1,1,1,1,1,1
521,27,1,1,1,1,1,1,1,1
522,15,1,1,1,1,1,1,1,1
523,7,1,1,1,1,1,1,1,1
524,32,1,1,1,1,1,1,1,1
525,7,1,1,1,1,1,1,1,1
526,18,1,1,1,1,1,1,1,1
527,13,1,1,1,1,1,1,1,1
528,19,1,1,1,1,1,1,1,1
529,2,1,1,1,1,1,1,1,1
530,27,1,1,1,1,1,1,1,1
531,20,1,1,1,1,1,1,1,1
532,12,1,1,1,1,1,1,1,1
533,7,1,1,1,1,1,1,1,1
534,16,1,1,1,1,1,1,1,1
535,35,1,1,1,1,1,1,1,1
536,35,1,1,1,1,1,1,1,1
537,11,1,1,1,1,1,1,1,1
538,16,1,1,1,1,1,1,1,1
539,25,1,1,1,1,1,1,1,1
540,32,1,1,1,1,1,1,1,1
541,11,1,1,1,1,1,1,1,1
542,36,1,1,1,1,1,1,1,1
543,19,1,1,1,1,1,1,1,1
544,22,1,1,1,1,1,1,1,1
545,20,1,1,1,1,1,1,1,1
546,28,1,1,1,1,1,1,1,1
547,21,1,1,1,1,1,1,1,1
548,37,1,1,1,1,1,1,1,1
549,28,1,1,1,1,1,1,1,1
550,23,1,1,1,1,1,1,1,1
551,33,1,1,1,1,1,1,1,1
552,13,1,1,1,1,1,1,1,1
553,6,1,1,1,1,1,1,1,1
554,3,1,1,1,1,1,1,1,1
555,7,1,1,1,1,1,1,1,1
556,27,1,1,1,1,1,1,1,1
557,13,1,1,1,1,1,1,1,1
558,16,1,1,1,1,1,1,1,1
559,21,1,1,1,1,1,1,1,1
560,8,1,1,1,1,1,1,1,1
561,14,1,1,1,1,1,1,1,1
562,25,1,1,1,1,1,1,1,1
563,23,1,1,1,1,1,1,1,1
564,7,1,1,1,1,1,1,1,1
565,6,1,1,1,1,1,1,1,1
566,31,1,1,1,1,1,1,1,1
567,24,1,1,1,1,1,1,1,1
568,15,1,1,1,1,1,1,1,1
569,29,1,1,1,1,1,1,1,1
570,10,1,1,1,1,1,1,1,1
571,21,1,1,1,1,1,1,1,1
572,14,1,1,1,1,1,1,1,1
573,7,1,1,1,1,1,1,1,1
574,23,1,1,1,1,1,1,1,1
575,25,1,1,1,1,1,1,1,1
576,6,1,1,1,1,1,1,1,1
577,29,1,1,1,1,1,1,1,1
578,11,1,1,1,1,1,1,1,1
579,33,1,1,1,1,1,1,1,1
580,35,1,1,1,1,1,1,1,1
581,32,1,1,1,1,1,1,1,1
582,36,1,1,1,1,1,1,1,1
583,22,1,1,1,1,1,1,1,1
584,15,1,1,1,1,1,1,1,1
585,1,1,1,1,1,1,1,1,1
586,30,1,1,1,1,1,1,1,1
587,2,1,1,1,1,1,1,1,1
588,32,1,1,1,1,1,1,1,1
589,1,1,1,1,1,1,1,1,1
590,27,1,1,1,1,1,1,1,1
591,31,1,1,1,1,1,1,1,1
592,24,1,1,1,1,1,1,1,1
593,23,1,1,1,1,1,1,1,1
594,10,1,1,1,1,1,1,1,1
595,5,1,1,1,1,1,1,1,1
596,11,1,1,1,1,1,1,1,1
597,18,1,1,1,1,1,1,1,1
598,21,1,1,1,1,1,1,1,1
599,14,1,1,1,1,1,1,1,1
600,7,1,1,1,1,1,1,1,1
601,28,1,1,1,1,1,1,1,1
602,14,1,1,1,1,1,1,1,1
603,35,1,1,1,1,1,1,1,1
604,31,1,1,1,1,1,1,1,1
605,33,1,1,1,1,1,1,1,1
606,11,1,1,1,1,1,1,1,1
607,6,1,1,1,1,1,1,1,1
608,29,1,1,1,1,1,1,1,1
609,32,1,1,1,1,1,1,1,1
610,7,1,1,1,1,1,1,1,1
611,6,1,1,1,1,1,1,1,1
612,16,1,1,1,1,1,1,1,1
613,16,1,1,1,1,1,1,1,1
614,13,1,1,1,1,1,1,1,1
615,15,1,1,1,1,1,1,1,1
616,37,1,1,1,1,1,1,1,1
617,14,1,1,1,1,1,1,1,1
618,31,1,1,1,1,1,1,1,1
619,31,1,1,1,1,1,1,1,1
620,17,1,1,1,1,1,1,1,1
621,11,1,1,1,1,1,1,1,1
622,31,1,1,1,1,1,1,1,1
623,17,1,1,1,1,1,1,1,1
624,6,1,1,1,1,1,1,1,1
625,20,1,1,1,1,1,1,1,1
626,25,1,1,1,1,1,1,1,1
627,13,1,1,1,1,1,1,1,1
628,10,1,1,1,1,1,1,1,1
629,14,1,1,1,1,1,1,1,1
630,8,1,1,1,1,1,1,1,1
631,13,1,1,1,1,1,1,1,1
632,10,1,1,1,1,1,1,1,1
633,9,1,1,1,1,1,1,1,1
634,22,1,1,1,1,1,1,1,1
635,26,1,1,1,1,1,1,1,1
636,2,1,1,1,1,1,1,1,1
637,3,1,1,1,1,1,1,1,1
638,19,1,1,1,1,1,1,1,1
639,16,1,1,1,1,1,1,1,1
640,5,1,1,1,1,1,1,1,1
641,3,1,1,1,1,1,1,1,1
642,5,1,1,1,1,1,1,1,1
643,17,1,1,1,1,1,1,1,1
644,10,1,1,1,1,1,1,1,1
645,7,1,1,1,1,1,1,1,1
646,14,1,1,1,1,1,1,1,1
647,13,1,1,1,1,1,1,1,1
648,31,1,1,1,1,1,1,1,1
649,4,1,1,1,1,1,1,1,1
650,28,1,1,1,1,1,1,1,1
651,12,1,1,1,1,1,1,1,1
652,35,1,1,1,1,1,1,1,1
653,5,1,1,1,1,1,1,1,1
654,33,1,1,1,1,1,1,1,1
655,20,1,1,1,1,1,1,1,1
656,19,1,1,1,1,1,1,1,1
657,28,1,1,1,1,1,1,1,1
658,12,1,1,1,1,1,1,1,1
659,29,1,1,1,1,1,1,1,1
660,28,1,1,1,1,1,1,1,1
661,25,1,1,1,1,1,1,1,1
662,13,1,1,1,1,1,1,1,1
663,31,1,1,1,1,1,1,1,1
664,15,1,1,1,1,1,1,1,1
665,24,1,1,1,1,1,1,1,1
666,34,1,1,1,1,1,1,1,1
667,24,1,1,1,1,1,1,1,1
668,6,1,1,1,1,1,1,1,1
669,18,1,1,1,1,1,1,1,1
670,21,1,1,1,1,1,1,1,1
671,21,1,1,1,1,1,1,1,1
672,7,1,1,1,1,1,1,1,1
673,17,1,1,1,1,1,1,1,1
674,25,1,1,1,1,1,1,1,1
675,8,1,1,1,1,1,1,1,1
676,37,1,1,1,1,1,1,1,1
677,6,1,1,1,1,1,1,1,1
678,13,1,1,1,1,1,1,1,1
679,18,1,1,1,1,1,1,1,1
680,4,1,1,1,1,1,1,1,1
681,13,1,1,1,1,1,1,1,1
682,7,1,1,1,1,1,1,1,1
683,16,1,1,1,1,1,1,1,1
684,30,1,1,1,1,1,1,1,1
685,35,1,1,1,1,1,1,1,1
686,25,1,1,1,1,1,1,1,1
687,13,1,1,1,1,1,1,1,1
688,14,1,1,1,1,1,1,1,1
689,18,1,1,1,1,1,1,1,1
690,21,1,1,1,1,1,1,1,1
691,13,1,1,1,1,1,1,1,1
692,2,1,1,1,1,1,1,1,1
693,33,1,1,1,1,1,1,1,1
694,1,1,1,1,1,1,1,1,1
695,20,1,1,1,1,1,1,1,1
696,12,1,1,1,1,1,1,1,1
697,37,1,1,1,1,1,1,1,1
698,12,1,1,1,1,1,1,1,1
699,3,1,1,1,1,1,1,1,1
700,34,1,1,1,1,1,1,1,1
701,34,1,1,1,1,1,1,1,1
702,34,1,1,1,1,1,1,1,1
703,6,1,1,1,1,1,1,1,1
704,33,1,1,1,1,1,1,1,1
705,34,1,1,1,1,1,1,1,1
706,4,1,1,1,1,1,1,1,1
707,20,1,1,1,1,1,1,1,1
708,5,1,1,1,1,1,1,1,1
709,20,1,1,1,1,1,1,1,1
710,35,1,1,1,1,1,1,1,1
711,2,1,1,1,1,1,1,1,1
712,29,1,1,1,1,1,1,1,1
713,18,1,1,1,1,1,1,1,1
714,17,1,1,1,1,1,1,1,1
715,21,1,1,1,1,1,1,1,1
716,25,1,1,1,1,1,1,1,1
717,8,1,1,1,1,1,1,1,1
718,7,1,1,1,1,1,1,1,1
719,18,1,1,1,1,1,1,1,1
720,29,1,1,1,1,1,1,1,1
721,15,1,1,1,1,1,1,1,1
722,2,1,1,1,1,1,1,1,1
723,3,1,1,1,1,1,1,1,1
724,8,1,1,1,1,1,1,1,1
725,31,1,1,1,1,1,1,1,1
726,22,1,1,1,1,1,1,1,1
727,9,1,1,1,1,1,1,1,1
728,34,1,1,1,1,1,1,1,1
729,14,1,1,1,1,1,1,1,1
730,6,1,1,1,1,1,1,1,1
731,13,1,1,1,1,1,1,1,1
732,17,1,1,1,1,1,1,1,1
733,21,1,1,1,1,1,1,1,1
734,26,1,1,1,1,1,1,1,1
735,8,1,1,1,1,1,1,1,1
736,8,1,1,1,1,1,1,1,1
737,10,1,1,1,1,1,1,1,1
738,34,1,1,1,1,1,1,1,1
739,17,1,1,1,1,1,1,1,1
740,36,1,1,1,1,1,1,1,1
741,30,1,1,1,1,1,1,1,1
742,10,1,1,1,1,1,1,1,1
743,19,1,1,1,1,1,1,1,1
744,7,1,1,1,1,1,1,1,1
745,10,1,1,1,1,1,1,1,1
746,16,1,1,1,1,1,1,1,1
747,35,1,1,1,1,1,1,1,1
748,11,1,1,1,1,1,1,1,1
749,25,1,1,1,1,1,1,1,1
750,30,1,1,1,1,1,1,1,1
751,9,1,1,1,1,1,1,1,1
752,12,1,1,1,1,1,1,1,1
753,13,1,1,1,1,1,1,1,1
754,4,1,1,1,1,1,1,1,1
755,7,1,1,1,1,1,1,1,1
756,26,1,1,1,1,1,1,1,1
757,9,1,1,1,1,1,1,1,1
758,18,1,1,1,1,1,1,1,1
759,35,1,1,1,1,1,1,1,1
760,26,1,1,1,1,1,1,1,1
761,20,1,1,1,1,1,1,1,1
762,23,1,1,1,1,1,1,1,1
763,18,1,1,1,1,1,1,1,1
764,2,1,1,1,1,1,1,1,1
765,27,1,1,1,1,1,1,1,1
766,12,1,1,1,1,1,1,1,1
767,15,1,1,1,1,1,1,1,1
768,23,1,1,1,1,1,1,1,1
769,31,1,1,1,1,1,1,1,1
770,1,1,1,1,1,1,1,1,1
771,13,1,1,1,1,1,1,1,1
772,32,1,1,1,1,1,1,1,1
773,7,1,1,1,1,1,1,1,1
774,5,1,1,1,1,1,1,1,1
775,11,1,1,1,1,1,1,1,1
776,3,1,1,1,1,1,1,1,1
777,2,1,1,1,1,1,1,1,1
778,36,1,1,1,1,1,1,1,1
779,27,1,1,1,1,1,1,1,1
780,18,1,1,1,1,1,1,1,1
781,26,1,1,1,1,1,1,1,1
782,29,1,1,1,1,1,1,1,1
783,29,1,1,1,1,1,1,1,1
784,2,1,1,1,1,1,1,1,1
785,17,1,1,1,1,1,1,1,1
786,34,1,1,1,1,1,1,1,1
787,7,1,1,1,1,1,1,1,1
788,12,1,1,1,1,1,1,1,1
789,4,1,1,1,1,1,1,1,1
790,18,1,1,1,1,1,1,1,1
791,33,1,1,1,1,1,1,1,1
792,21,1,1,1,1,1,1,1,1
793,3,1,1,1,1,1,1,1,1
794,15,1,1,1,1,1,1,1,1
795,19,1,1,1,1,1,1,1,1
796,35,1,1,1,1,1,1,1,1
797,9,1,1,1,1,1,1,1,1
798,20,1,1,1,1,1,1,1,1
799,23,1,1,1,1,1,1,1,1
800,37,1,1,1,1,1,1,1,1
801,9,1,1,1,1,1,1,1,1
802,3,1,1,1,1,1,1,1,1
803,2,1,1,1,1,1,1,1,1
804,14,1,1,1,1,1,1,1,1
805,11,1,1,1,1,1,1,1,1
806,5,1,1,1,1,1,1,1,1
807,26,1,1,1,1,1,1,1,1
808,18,1,1,1,1,1,1,1,1
809,19,1,1,1,1,1,1,1,1
810,28,1,1,1,1,1,1,1,1
811,16,1,1,1,1,1,1,1,1
812,37,1,1,1,1,1,1,1,1
813,17,1,1,1,1,1,1,1,1
814,25,1,1,1,1,1,1,1,1
815,20,1,1,1,1,1,1,1,1
816,18,1,1,1,1,1,1,1,1
817,26,1,1,1,1,1,1,1,1
818,20,1,1,1,1,1,1,1,1
819,25,1,1,1,1,1,1,1,1
820,19,1,1,1,1,1,1,1,1
821,20,1,1,1,1,1,1,1,1
822,25,1,1,1,1,1,1,1,1
823,14,1,1,1,1,1,1,1,1
824,9,1,1,1,1,1,1,1,1
825,17,1,1,1,1,1,1,1,1
826,31,1,1,1,1,1,1,1,1
827,11,1,1,1,1,1,1,1,1
828,22,1,1,1,1,1,1,1,1
829,24,1,1,1,1,1,1,1,1
830,19,1,1,1,1,1,1,1,1
831,7,1,1,1,1,1,1,1,1
832,31,1,1,1,1,1,1,1,1
833,14,1,1,1,1,1,1,1,1
834,12,1,1,1,1,1,1,1,1
835,19,1,1,1,1,1,1,1,1
836,3,1,1,1,1,1,1,1,1
837,5,1,1,1,1,1,1,1,1
838,28,1,1,1,1,1,1,1,1
839,10,1,1,1,1,1,1,1,1
840,23,1,1,1,1,1,1,1,1
841,6,1,1,1,1,1,1,1,1
842,27,1,1,1,1,1,1,1,1
843,35,1,1,1,1,1,1,1,1
844,9,1,1,1,1,1,1,1,1
845,12,1,1,1,1,1,1,1,1
846,33,1,1,1,1,1,1,1,1
847,18,1,1,1,1,1,1,1,1
848,9,1,1,1,1,1,1,1,1
849,14,1,1,1,1,1,1,1,1
850,11,1,1,1,1,1,1,1,1
851,18,1,1,1,1,1,1,1,1
852,9,1,1,1,1,1,1,1,1
853,24,1,1,1,1,1,1,1,1
854,33,1,1,1,1,1,1,1,1
855,27,1,1,1,1,1,1,1,1
856,9,1,1,1,1,1,1,1,1
857,23,1,1,1,1,1,1,1,1
858,1,1,1,1,1,1,1,1,1
859,15,1,1,1,1,1,1,1,1
860,15,1,1,1,1,1,1,1,1
861,28,1,1,1,1,1,1,1,1
862,17,1,1,1,1,1,1,1,1
863,2,1,1,1,1,1,1,1,1
864,5,1,1,1,1,1,1,1,1
865,10,1,1,1,1,1,1,1,1
866,17,1,1,1,1,1,1,1,1
867,35,1,1,1,1,1,1,1,1
868,28,1,1,1,1,1,1,1,1
869,23,1,1,1,1,1,1,1,1
870,8,1,1,1,1,1,1,1,1
871,10,1,1,1,1,1,1,1,1
872,37,1,1,1,1,1,1,1,1
873,25,1,1,1,1,1,1,1,1
874,22,1,1,1,1,1,1,1,1
875,32,1,1,1,1,1,1,1,1
876,20,1,1,1,1,1,1,1,1
877,31,1,1,1,1,1,1,1,1
878,14,1,1,1,1,1,1,1,1
879,32,1,1,1,1,1,1,1,1
880,17,1,1,1,1,1,1,1,1
881,14,1,1,1,1,1,1,1,1
882,18,1,1,1,1,1,1,1,1
883,10,1,1,1,1,1,1,1,1
884,32,1,1,1,1,1,1,1,1
885,29,1,1,1,1,1,1,1,1
886,5,1,1,1,1,1,1,1,1
887,2,1,1,1,1,1,1,1,1
888,35,1,1,1,1,1,1,1,1
889,21,1,1,1,1,1,1,1,1
890,9,1,1,1,1,1,1,1,1
891,17,1,1,1,1,1,1,1,1
892,36,1,1,1,1,1,1,1,1
893,1,1,1,1,1,1,1,1,1
894,6,1,1,1,1,1,1,1,1
895,12,1,1,1,1,1,1,1,1
896,13,1,1,1,1,1,1,1,1
897,19,1,1,1,1,1,1,1,1
898,28,1,1,1,1,1,1,1,1
899,16,1,1,1,1,1,1,1,1
900,29,1,1,1,1,1,1,1,1
901,11,1,1,1,1,1,1,1,1
902,31,1,1,1,1,1,1,1,1
903,32,1,1,1,1,1,1,1,1
904,33,1,1,1,1,1,1,1,1
905,10,1,1,1,1,1,1,1,1
906,2,1,1,1,1,1,1,1,1
907,10,1,1,1,1,1,1,1,1
908,18,1,1,1,1,1,1,1,1
909,10,1,1,1,1,1,1,1,1
910,20,1,1,1,1,1,1,1,1
911,31,1,1,1,1,1,1,1,1
912,1,1,1,1,1,1,1,1,1
913,35,1,1,1,1,1,1,1,1
914,11,1,1,1,1,1,1,1,1
915,24,1,1,1,1,1,1,1,1
916,3,1,1,1,1,1,1,1,1
917,6,1,1,1,1,1,1,1,1
918,30,1,1,1,1,1,1,1,1
919,18,1,1,1,1,1,1,1,1
920,12,1,1,1,1,1,1,1,1
921,18,1,1,1,1,1,1,1,1
922,37,1,1,1,1,1,1,1,1
923,35,1,1,1,1,1,1,1,1
924,13,1,1,1,1,1,1,1,1
925,24,1,1,1,1,1,1,1,1
926,25,1,1,1,1,1,1,1,1
927,37,1,1,1,1,1,1,1,1
928,2,1,1,1,1,1,1,1,1
929,30,1,1,1,1,1,1,1,1
930,15,1,1,1,1,1,1,1,1
931,34,1,1,1,1,1,1,1,1
932,13,1,1,1,1,1,1,1,1
933,31,1,1,1,1,1,1,1,1
934,9,1,1,1,1,1,1,1,1
935,35,1,1,1,1,1,1,1,1
936,18,1,1,1,1,1,1,1,1
937,22,1,1,1,1,1,1,1,1
938,21,1,1,1,1,1,1,1,1
939,9,1,1,1,1,1,1,1,1
940,13,1,1,1,1,1,1,1,1
941,24,1,1,1,1,1,1,1,1
942,10,1,1,1,1,1,1,1,1
943,18,1,1,1,1,1,1,1,1
944,29,1,1,1,1,1,1,1,1
945,6,1,1,1,1,1,1,1,1
946,31,1,1,1,1,1,1,1,1
947,31,1,1,1,1,1,1,1,1
948,15,1,1,1,1,1,1,1,1
949,6,1,1,1,1,1,1,1,1
950,36,1,1,1,1,1,1,1,1
951,19,1,1,1,1,1,1,1,1
952,26,1,1,1,1,1,1,1,1
953,37,1,1,1,1,1,1,1,1
954,1,1,1,1,1,1,1,1,1
955,18,1,1,1,1,1,1,1,1
956,32,1,1,1,1,1,1,1,1
957,23,1,1,1,1,1,1,1,1
958,35,1,1,1,1,1,1,1,1
959,14,1,1,1,1,1,1,1,1
960,8,1,1,1,1,1,1,1,1
961,21,1,1,1,1,1,1,1,1
962,12,1,1,1,1,1,1,1,1
963,17,1,1,1,1,1,1,1,1
964,8,1,1,1,1,1,1,1,1
965,12,1,1,1,1,1,1,1,1
966,25,1,1,1,1,1,1,1,1
967,11,1,1,1,1,1,1,1,1
968,36,1,1,1,1,1,1,1,1
969,20,1,1,1,1,1,1,1,1
970,36,1,1,1,1,1,1,1,1
971,15,1,1,1,1,1,1,1,1
972,13,1,1,1,1,1,1,1,1
973,27,1,1,1,1,1,1,1,1
974,19,1,1,1,1,1,1,1,1
975,22,1,1,1,1,1,1,1,1
976,35,1,1,1,1,1,1,1,1
977,1,1,1,1,1,1,1,1,1
978,14,1,1,1,1,1,1,1,1
979,36,1,1,1,1,1,1,1,1
980,20,1,1,1,1,1,1,1,1
981,5,1,1,1,1,1,1,1,1
982,4,1,1,1,1,1,1,1,1
983,1,1,1,1,1,1,1,1,1
984,27,1,1,1,1,1,0,0,0
985,15,1,1,1,1,1,0,0,0
986,31,1,1,1,1,1,0,0,0
987,25,1,1,1,1,1,0,0,0
988,15,1,1,1,1,1,0,0,0
989,1,1,1,1,1,1,0,0,0
990,37,1,1,1,1,1,0,0,0
991,22,1,1,1,1,1,0,0,0
992,6,1,1,1,1,1,0,0,0
993,8,1,1,1,1,1,0,0,0
994,8,1,1,1,1,1,0,0,0
995,16,1,1,1,1,1,0,0,0
996,29,1,1,1,1,1,0,0,0
997,36,1,1,1,1,1,0,0,0
998,2,1,1,1,1,1,0,0,0
999,33,1,1,1,1,1,0,0,0
1000,31,1,1,1,1,1,0,0,0
